Epoch,MSE
1,0.027969270033709307
2,0.025594033937329036
3,0.023913535788701992
4,0.02269552416258658
5,0.02185560349918038
6,0.021253533381092884
7,0.020820807513772133
8,0.020517373942189082
9,0.020293462986482724
10,0.02013962589157599
