Epoch,MSE
1,0.020687903472899623
2,0.020687903472899623
3,0.020552369639264018
4,0.020552369639264018
5,0.018747217779627044
6,0.018747217779627044
7,0.018747217779627044
8,0.017820584680266538
9,0.017393105586925063
10,0.01734876966925978
