Epoch,MSE
1,0.02278089918507527
2,0.022072392543425384
3,0.022072392543425384
4,0.022072392543425384
5,0.022072392543425384
6,0.021467109197281568
7,0.020864891822582676
8,0.020864891822582676
9,0.020864891822582676
10,0.020864891822582676
