Epoch,MSE
1,0.031928552524843556
2,0.028796722738767117
3,0.027092523323985103
4,0.025230289737585943
5,0.024128186303339783
6,0.02308370880081923
7,0.022490346261233
8,0.022390581042648856
9,0.021842468564973728
10,0.021700779133736154
