Epoch,MSE
1,0.021967637436628145
2,0.02160002335493292
3,0.01872279986263278
4,0.01872279986263278
5,0.01871073737303598
6,0.018256395970616145
7,0.018114757970565783
8,0.01733738548771495
9,0.01733738548771495
10,0.017293364303577637
