Epoch,MSE
1,0.018413335540747203
2,0.018413335540747203
3,0.01808989290827617
4,0.018059769523504077
5,0.018059769523504077
6,0.01737769072523979
7,0.01737769072523979
8,0.01737769072523979
9,0.01732793833155052
10,0.01732793833155052
