Epoch,MSE
1,0.025181252658019408
2,0.01954559810376182
3,0.01954559810376182
4,0.01954559810376182
5,0.01787144019439743
6,0.01787144019439743
7,0.01768412926872781
8,0.01768412926872781
9,0.01765148797228037
10,0.017621849848971454
