Epoch,MSE
1,0.0240395079335122
2,0.0240395079335122
3,0.020276205682462408
4,0.019420348814520535
5,0.019402583434792574
6,0.019399169067630492
7,0.019357686348398663
8,0.019162305118957737
9,0.018247002583067877
10,0.01813336146600426
