Epoch,MSE
1,0.028550531226017414
2,0.02822144701784782
3,0.019275944909405648
4,0.01880616994142449
5,0.017549250237547907
6,0.017549250237547907
7,0.017549250237547907
8,0.017549250237547907
9,0.017549250237547907
10,0.017549250237547907
