Epoch,MSE
1,0.021079765661214007
2,0.01958140272576844
3,0.017754237015315557
4,0.0173415708490377
5,0.0173415708490377
6,0.0173415708490377
7,0.01723862777033158
8,0.01723810276936556
9,0.017232965363364022
10,0.017232965363364022
