Epoch,MSE
1,0.032917259549594825
2,0.017895716462192242
3,0.017895716462192242
4,0.017355223841298707
5,0.017355223841298707
6,0.017355223841298707
7,0.017355223841298707
8,0.017355223841298707
9,0.017355223841298707
10,0.017355223841298707
