Epoch,MSE
1,0.023236503873869524
2,0.023236503873869524
3,0.023236503873869524
4,0.023236503873869524
5,0.019987687241872824
6,0.019043786704209812
7,0.018767056204368443
8,0.018087683846541133
9,0.018087683846541133
10,0.017449047292258706
