Epoch,MSE
1,0.020060390541846218
2,0.020060390541846218
3,0.020060390541846218
4,0.01897652393484567
5,0.018125180558328645
6,0.018125180558328645
7,0.018125180558328645
8,0.018125180558328645
9,0.018125180558328645
10,0.018125180558328645
