Epoch,MSE
1,0.041596576297030924
2,0.034174115271497295
3,0.029684519249256875
4,0.02759248122199202
5,0.02603763643780659
6,0.02517433625099988
7,0.02595528914683665
8,0.024931821902063573
9,0.024732940231791484
10,0.024954198885907573
