Epoch,MSE
1,0.03128940258610189
2,0.03128940258610189
3,0.021253418511796515
4,0.021253418511796515
5,0.021253418511796515
6,0.021253418511796515
7,0.021253418511796515
8,0.021253418511796515
9,0.021253418511796515
10,0.021253418511796515
