Epoch,MSE
1,0.013147337368162069
2,0.009983930556499121
3,0.009607183170834064
4,0.006184379643458348
5,0.006184379643458348
6,0.005799080343594772
7,0.005598971505716319
8,0.005598971505716319
9,0.005344233387758652
10,0.005296605379624859
