Epoch,MSE
1,0.008409969929646582
2,0.007766413475215078
3,0.007792573793714555
4,0.0076685242971731545
5,0.0078295093581619
6,0.007698133349876561
7,0.007801153905154035
8,0.007741979084646882
9,0.007547033350924797
10,0.00772798956081323
