Epoch,MSE
1,0.015380218569301406
2,0.015380218569301406
3,0.015380218569301406
4,0.009677692868803213
5,0.009677692868803213
6,0.009677692868803213
7,0.009677692868803213
8,0.009677692868803213
9,0.009677692868803213
10,0.009677692868803213
