Epoch,MSE
1,0.006847338918483547
2,0.006112125614929654
3,0.005412469575350452
4,0.005394925635100282
5,0.005257273034543601
6,0.005256914306058018
7,0.005256678695173738
8,0.005224404995406204
9,0.005224404995406204
10,0.005224404995406204
