Epoch,MSE
1,0.012172992474197716
2,0.007685347407401845
3,0.0058425529329553146
4,0.0058425529329553146
5,0.005169336070341033
6,0.005169336070341033
7,0.005169336070341033
8,0.005169336070341033
9,0.005169336070341033
10,0.005166157163083453
