Epoch,MSE
1,0.00854923016171014
2,0.008011453981202774
3,0.007906247304041826
4,0.008023272934115942
5,0.007925199103553552
6,0.007823080501699504
7,0.007887433341441149
8,0.008016522561349724
9,0.007877575245818716
10,0.007495097202008751
