Epoch,MSE
1,0.009255114188733185
2,0.007007688808081875
3,0.0067844675850255425
4,0.0067844675850255425
5,0.0067844675850255425
6,0.0067844675850255425
7,0.00678253483647371
8,0.00678253483647371
9,0.006780455950218413
10,0.006780455950218413
