Epoch,MSE
1,0.007623025455336556
2,0.0069653440200101915
3,0.005993962779796778
4,0.005588275911501544
5,0.005588275911501544
6,0.0054907052344929765
7,0.0053948692807212675
8,0.005210791210818208
9,0.005210791210818208
10,0.005192486220088744
