Epoch,MSE
1,0.00851483197454514
2,0.008317998847870786
3,0.0076410809589308555
4,0.0075285862333074076
5,0.006718813945618328
6,0.006718813945618328
7,0.006718813945618328
8,0.006557497316519888
9,0.00635771817696605
10,0.00635771817696605
