Epoch,MSE
1,0.005542033859060137
2,0.005542033859060137
3,0.005542033859060137
4,0.005494185977408741
5,0.005494185977408741
6,0.005493031223229272
7,0.005493031223229272
8,0.005455489823851326
9,0.005450773384548506
10,0.005450773384548506
