Epoch,MSE
1,0.00951698732601312
2,0.006927735459288032
3,0.005681327987733881
4,0.005681327987733881
5,0.005681327987733881
6,0.005681327987733881
7,0.005681327987733881
8,0.005681327987733881
9,0.005681327987733881
10,0.005681327987733881
