Epoch,MSE
1,0.006023794845336016
2,0.00601107370015183
3,0.00601107370015183
4,0.005510096506561598
5,0.005510096506561598
6,0.005479935851849686
7,0.005392465387958722
8,0.005236071530618069
9,0.00518563635072965
10,0.005176293897348327
