Epoch,MSE
1,0.008176623666516536
2,0.007595649711659663
3,0.007182461425217389
4,0.00679905571166492
5,0.00679905571166492
6,0.00631347633069871
7,0.00631347633069871
8,0.005497089127578252
9,0.005497089127578252
10,0.005497089127578252
