Epoch,MSE
1,0.011516509950094123
2,0.006828038449433313
3,0.006828038449433313
4,0.0055794382704701505
5,0.0055794382704701505
6,0.005573296984324706
7,0.005573296984324706
8,0.005573296984324706
9,0.005573296984324706
10,0.005292755245328725
