Epoch,MSE
1,0.007616798327548143
2,0.007035105160513484
3,0.006976868043958587
4,0.006967443929985885
5,0.00695838677834764
6,0.006951161867029573
7,0.0069448969727954465
8,0.006937484692344402
9,0.006929433011155753
10,0.0069226254456164265
