Epoch,MSE
1,0.05756530358537375
2,0.04945646058816331
3,0.04801333050405351
4,0.0442991027143255
5,0.04205428663393291
