Epoch,MSE
1,0.05506107298852095
2,0.054394417000466
3,0.052982345828746245
4,0.05243189485426493
5,0.05158538970204397
