Epoch,MSE
1,0.060649051264173116
2,0.05736379219780941
3,0.055959013183645476
4,0.05421845457623668
5,0.05307032647981351
