Epoch,MSE
1,0.055581068834201365
2,0.05297067417548253
3,0.05246640002884634
4,0.051427674594889866
5,0.05095470377365602
