Epoch,MSE
1,0.05026902308624782
2,0.04691296108807586
3,0.04355041675797648
4,0.04111156591384083
5,0.040232837953594294
