Epoch,MSE
1,0.05357820774583901
2,0.05040878433550651
3,0.04943843881375025
4,0.048202246037942126
5,0.04695415820736461
